SKU	5DC	Product Name	Stock MAP	Stock SYSTEM	Difference	Status	Map Location(s)	Suggestion
R116-WH-WW	-	-	216	0	216	⚠️ MAP ONLY (not in system)		
R2207-WH-CW-30-DALI	-	45w 2330mm Rapidline Linear Extrusion - Louvre, White, 4000k, 30deg Indirect - DALI	182	0	182	⚠️ MAP ONLY (not in system)	F18	
R8003-EM	-	-	100	0	100	⚠️ MAP ONLY (not in system)		
R3241-EYELID-BK	-	-	99	0	99	⚠️ MAP ONLY (not in system)	D7	
R3240-EM-S-TRI	-	-	96	0	96	⚠️ MAP ONLY (not in system)	B60	
R3560-DIFF	-	-	84	0	84	⚠️ MAP ONLY (not in system)		
R3206-TRI-V2 (NO DRIVERS)	-	-	60	0	60	⚠️ MAP ONLY (not in system)	D12	
R1041-WH-TRI	-	10w Dimmable Downlight With Flex & Plug IP54 90mm Cut Out. White Tri (3000K Warm White-4000K Cool White-5700K Daylight)	55	0	55	⚠️ MAP ONLY (not in system)		Possible match: R1041-WH-CW (10w Dimmable Downlight With Flex & Plug IP54 90mm Cut Out. White 4000K Cool White)
R2207-BK-CW-30-DALI	-	45w 2330mm Rapidline Linear Extrusion - Louvre, Black, 4000k, 30deg indirect - DALI	40	0	40	⚠️ MAP ONLY (not in system)	F12	
R3041-050 BRACKETS	-	-	37	0	37	⚠️ MAP ONLY (not in system)		
R6335-100	-	-	36	0	36	⚠️ MAP ONLY (not in system)	D43	Possible match: R6335-1000 (Post to suit R6334 and R6336 Bollard - Black - 1000mm)
R0001-EF-V2	-	-	32	0	32	⚠️ MAP ONLY (not in system)		
R3111-S OLD/FAULTY STOCK	-	-	26	0	26	⚠️ MAP ONLY (not in system)	C83	
R3110-ADJ-BRACKET	-	-	20	0	20	⚠️ MAP ONLY (not in system)	C36	
R377-600	-	-	16	0	16	⚠️ MAP ONLY (not in system)	B57	
AT9044-BLK-60-WW	-	-	16	0	16	⚠️ MAP ONLY (not in system)		
UP-DL22-4-25W-D	-	-	16	0	16	⚠️ MAP ONLY (not in system)	D77	
R1040-BK-TRI	-	7w Dimmable Downlight With Flex & Plug IP54 70mm Cut Out, Black	14	0	14	⚠️ MAP ONLY (not in system)		
R2515-BK-CW	-	15w Spotlight To Suit Single Circuit Track. Cool White 4000K Black *	13	0	13	⚠️ MAP ONLY (not in system)		
R2498_9-SUS	-	Wire suspension kit with black canopy only, to suit R2498/R2499	24	12	12	📈 MAP has +12 more		
76X90 GALVANISED SLEEVES	-	-	12	0	12	⚠️ MAP ONLY (not in system)		
R1077-ADJ	-	-	10	0	10	⚠️ MAP ONLY (not in system)		Possible match: R1077-ADJ-9W (9w LED Adjustable Wall Washer Downlight, Flicker Free Dimmable Driver, 3000k, 38 deg)
R3520-DIFF	-	-	10	0	10	⚠️ MAP ONLY (not in system)		
GLOBE-150	-	G9 LED milk white glass cover, chrome base light	7	0	7	⚠️ MAP ONLY (not in system)		
R2112-S	-	26w LED Opal Acrylic Oyster With Step Dim Sensor, Tri Colour, 380mm	6	0	6	⚠️ MAP ONLY (not in system)		
R1094-12-WH-SIL-CW	-	-	5	0	5	⚠️ MAP ONLY (not in system)		
R3540-DIFF	-	-	5	0	5	⚠️ MAP ONLY (not in system)		
SMT-012-030VTHWH	-	-	4	0	4	⚠️ MAP ONLY (not in system)		
R3126-240W-DL-5080-L03902	-	-	4	0	4	⚠️ MAP ONLY (not in system)		
R2517-BK-WW	-	25w Spotlight To Suit Three Circuit Track, 3000K Warm White Black *	3	0	3	⚠️ MAP ONLY (not in system)		
R6012-BK-CW	-	-	3	0	3	⚠️ MAP ONLY (not in system)		
ST40-060	-	-	2	0	2	⚠️ MAP ONLY (not in system)	D49	
LIN-WPO1-040-BK	-	-	2	0	2	⚠️ MAP ONLY (not in system)		
R3221	-	-	2	0	2	⚠️ MAP ONLY (not in system)		
SKYWCM	-	-	2	0	2	⚠️ MAP ONLY (not in system)		
VENTAIR STANZA STAR FR 48	-	-	2	0	2	⚠️ MAP ONLY (not in system)		
R1109-2R-WH-WW	-	9w LED Surface Mount Downlight, Flicker Free, Driver, 3000k, 50deg	2	0	2	⚠️ MAP ONLY (not in system)		
R3060-BRACKETS	-	-	2	0	2	⚠️ MAP ONLY (not in system)		
90 X 195 X 50 X 200-L-SHAPE SPIGOT-WH	-	-	2	0	2	⚠️ MAP ONLY (not in system)		
90 X 195 X 50 X 200-L-SHAPE SPIGOT-BK	-	-	2	0	2	⚠️ MAP ONLY (not in system)		
BC-H17-01	-	-	2	0	2	⚠️ MAP ONLY (not in system)		
R2517-WH-WW	-	25w Spotlight To Suit Three Circuit Track, Warm White 3000K White *	1	0	1	⚠️ MAP ONLY (not in system)		
ST11-240	-	-	1	0	1	⚠️ MAP ONLY (not in system)	D53	
R3220-BLK-4M	-	-	1	0	1	⚠️ MAP ONLY (not in system)		
R3240-BK-MED-PE	-	70W - 20W Quad Watt Black LED Street Light Dual CCT 3K & 4K with PE Cell	1	0	1	⚠️ MAP ONLY (not in system)		Possible match: R3240-BK-MED-60 (70W - 20W Quad Watt Black LED Street Light Dual CCT 3K & 4K with 60mm Spigot)
ZAC-8-BLK-WW	-	-	1	0	1	⚠️ MAP ONLY (not in system)		
LR1023R-03-C	-	-	1	0	1	⚠️ MAP ONLY (not in system)	D69	
LR1024R-03	-	-	1	0	1	⚠️ MAP ONLY (not in system)		
UP-DL97-3-13W-D	-	-	1	0	1	⚠️ MAP ONLY (not in system)		
LF24BK-LED	-	-	1	0	1	⚠️ MAP ONLY (not in system)		
76 X 208 X 50 X 200-L-SHAPE-SPIGOT-WH	-	-	1	0	1	⚠️ MAP ONLY (not in system)		
80 X 190 X 50 X 320-T-SHAPE-GRN-180	-	-	1	0	1	⚠️ MAP ONLY (not in system)		
60 X 200-POLE MOUNT BRACKET	-	-	1	0	1	⚠️ MAP ONLY (not in system)		
LR1004R-01	-	-	1	0	1	⚠️ MAP ONLY (not in system)		
AL8OP4028-E	-	-	1	0	1	⚠️ MAP ONLY (not in system)		
R3040-100	-	100w Anti-corrosion Commercial Floodlight IP66 - 5000K - Black *	1	1	0	✅ MATCH		
R2498-400-40W-BK-WW	-	40w 400mm Round Surface Mount Oyster, Black, 3000K	1	1	0	✅ MATCH		
R2207-BK-WW-V1	-	45w 2330mm Rapidline Linear Extrusion - Louvre, Black, 3000k V1	7	7	0	✅ MATCH		
R1053-WH-TRI	30007	8w Slim Dimmable Downlight With Flex & Plug IP44 90mm Cut Out. White. Tri Colour	1920	960	960	📈 MAP has +960 more	C64, C69	
R1071-WH-WW-60	30789	12w - 6w Architectural Dimmable Deep Set COB Downlight, IP65, 90mm Cut Out. 60o Beam Warm White 3000K White	1728	1152	576	📈 MAP has +576 more	C7, C9, D2	
R1081-WH-CW	30572	13w Dimmable COB Downlight with Remote Driver, IP54, 90mm Cut out, Cool White 4000K White *	288	0	288	⚠️ MAP ONLY (not in system)	C21	Possible match: R1081-WH-CW-V2 (13w Dimmable COB Downlight with Remote Driver, IP54, 90mm Cut out, Cool White 4000K White)
R1081-WH-CW-V2	17157	13w Dimmable COB Downlight with Remote Driver, IP54, 90mm Cut out, Cool White 4000K White	0	288	-288	⚠️ SYSTEM ONLY (not in map)		Possible match: R1081-WH-CW (13w Dimmable COB Downlight with Remote Driver, IP54, 90mm Cut out, Cool White 4000K White *)
R2582-BK-TRI-60	60727	25W, 30W & 35W Selectable, small spotlight to suit three circuit track, Black, Tri colour 60deg	274	0	274	⚠️ MAP ONLY (not in system)	D19, D22	
R1165-WH-WW	47516	9w LED Surface Mount Polycarb Downlight - IP65 - White, Warm White	215	431	-216	📉 SYSTEM has +216 more	A26	
R2383-AL-2M	31290	Wide Surface Mount Aluminium Extrusion, 10mm x 23.5mm x 2M	205	0	205	⚠️ MAP ONLY (not in system)		
R2582-WH-TRI-60	31650	25W, 30W & 35W Selectable, small spotlight to suit three circuit track, White, Tri colour 60deg, PACK 2 *	204	0	204	⚠️ MAP ONLY (not in system)	D20	cin7_mirror match: R2582-WH-TRI-60-V2 - 25W, 30W & 35W Selectable, small spotlight to suit three circuit track, White, Tri colour 60deg
R0003-RF-V2	19161	240v Wireless Interconnect Smoke Alarm, 9v Battery	452	272	180	📈 MAP has +180 more	C43	
R2587-WH-PRO	15541	30W Bluetooth Small Track Light, Dual Sensor PRO, White, Pack 2	102	0	102	⚠️ MAP ONLY (not in system)		
R8003-EW	30040	Extension wire 3m for R8001 Festoon	0	100	-100	⚠️ SYSTEM ONLY (not in map)		
R6232-BK-TRI	31280	20W-12W Quad Watt 300mm Polycarbonate Bunker IP65 Black Tri Colour	519	618	-99	📉 SYSTEM has +99 more	B19, C32, D3, D38, D39	
R6241-EYELID-BK	30006	Eyelid to suit R6240 - Black	0	99	-99	⚠️ SYSTEM ONLY (not in map)		
R3520-EM-S-TRI	30991	20W - 12W 600mm Wide Body WP Opal Batten IP65 Tri Colour - Emergency with Sensor	96	0	96	⚠️ MAP ONLY (not in system)	A38	Possible match: R3520-EM (20w, 600mm Wide Body Weatherproof Batten with Opal Diffuser, Emergency, IP65 *)
R1150-WH-WW	30897	9w LED Surface Mount Downlight - IP54 - Warm White	795	700	95	📈 MAP has +95 more	D64	
R1084-WH-CW-60	10106	9w Dimmable COB Downlight with Remote Driver, IP20, 75mm Cut out, 4000K White	1296	1206	90	📈 MAP has +90 more	B37, B43	
R1151-WH-CW	30685	24w LED Surface Mount Downlight - IP65 - Cool White	5	95	-90	📉 SYSTEM has +90 more		
R3141-LENS	30855	Bottom Lens to suit R3141 PC Reflector	0	85	-85	⚠️ SYSTEM ONLY (not in map)		
R2207-WH-CW	30753	45w 2330mm Rapidline Linear Extrusion - Louvre, White, 4000k V2	79	0	79	⚠️ MAP ONLY (not in system)	F13	
R2212-WH	30143	Rapidline Linear L Connector White	77	0	77	⚠️ MAP ONLY (not in system)		
R3141	55585	PC Reflector with Lens for LED Hi Bays - R3110-R3111-R3112	69	0	69	📈 MAP has +69 more	C84	
R3141-REFLECTOR	30869	Reflector for LED Hi Bays - R3110-R3111-R3112	0	69	-69	⚠️ SYSTEM ONLY (not in map)		
R6085-WH-CW	30751	18w LED Square Wall Light IP54, White cool white *	72	137	-65	📉 SYSTEM has +65 more		
R1204-SC-WW	42139	4.5w Mini Downlight With Driver, 35mm Cut Out, Warm White 3000K Satin Chrome *	72	9	63	📈 MAP has +63 more		
R1204-SC-CW	72051	4.5w Mini Downlight With Driver, 35mm Cut Out, Cool White 4000K Satin Chrome *	63	0	63	⚠️ MAP ONLY (not in system)	D65	
R2631-BK-2M	30243	2m Three circuit 4 wire track, 35mm x 35mm, Black	0	59	-59	⚠️ SYSTEM ONLY (not in map)		
R6076-WH-TRI	31438	10w LED Up/Down Wall Light IP65, White, Tri Colour anti corrosive	215	161	54	📈 MAP has +54 more	B61	
R1030-WH-TRI	30619	7w Dimmable Downlight Integral Driver IP44 70mm Cut Out, White	249	199	50	📈 MAP has +50 more	A54	
R-SW3-WH-V1	31296	3 Gang Wall Switch, White *	1802	1754	48	📈 MAP has +48 more	D13	
R1021-WH-WW	57589	8w Dimmable Downlight Integral Driver IP54 90mm Cut Out. 3000K Warm White White *	45	0	45	⚠️ MAP ONLY (not in system)		
R1031-WH-TRI	30578	8w Dimmable Downlight Integral Driver IP44 90mm Cut Out, Tri - White	40	0	40	⚠️ MAP ONLY (not in system)		
R6335-1000	30653	Post to suit R6334 and R6336 Bollard - Black - 1000mm	112	148	-36	📉 SYSTEM has +36 more	A75, B54, B77	
R1076-WH	30712	R1076 White Head Only	144	108	36	📈 MAP has +36 more	C22	
R4101-WH-WW	13264	46W LED Narrow up/down linear pendant 1500mm, White, 3000K	4	40	-36	📉 SYSTEM has +36 more	G-Floor	
R4101-WH-CW	13477	46W LED Narrow up/down linear pendant 1500mm, White, 4000K	40	4	36	📈 MAP has +36 more		
R1152-SIL-CW	43837	30w LED COB 4000K Surface Mount Downlight , Integral Driver , Silver *	209	177	32	📈 MAP has +32 more	A15, B16	
R0001-RF-V2	18755	Wireless Interconnect DC Smoke Alarm, 10 Year Lithium Battery	0	32	-32	⚠️ SYSTEM ONLY (not in map)		Possible match: R0001-RF (Wireless Interconnect DC Smoke Alarm, 10 Year Lithium Battery)
R6333	30010	3w Black Solar Bollard Head Only, Anti-corrosive - 4000k CW	30	0	30	⚠️ MAP ONLY (not in system)	B32	
HUB-CONNECTOR-1M	16926	1m connector to suit Hub driver	300	270	30	📈 MAP has +30 more		
HUB-CONNECTOR-3M	16945	3m connector to suit Hub driver	300	270	30	📈 MAP has +30 more		
R2101-WH-WW	30290	18w LED Dimmable Slimline Oyster IP54, 3000K Warm White White *	29	0	29	⚠️ MAP ONLY (not in system)	A16	
R0002-RF-V2	19012	240v Wireless Interconnect Smoke Alarm, 3v Rechargeable Lithium Battery	375	347	28	📈 MAP has +28 more	B14	
R2322-RGBW-5	17521	10w 24v, Rapid Neoflex Dual powered, RGBW, IP67 - Top bend, 5m roll	27	0	27	⚠️ MAP ONLY (not in system)		cin7_mirror match: R2322-RGBW-5-V2 - 10w 24v, Rapid Neoflex, RGBW, IP67 - Top bend, 5m roll *
R2321-WW-5-V2	17144	10w 24v, Rapid Neoflex, 3000k, IP67 - Side Bend, 5m roll *	25	0	25	⚠️ MAP ONLY (not in system)		cin7_mirror match: R2321-WW-5-V1 - 10w 24v, Rapid Neoflex, 3000k, IP67 - Side Bend, 5m roll *
R6085-WH-WW	30282	18w LED Square Wall Light IP54, White warm white *	23	0	23	⚠️ MAP ONLY (not in system)	C31	Possible match: R6085-WH-TRI (18w LED Square Wall Light IP54, White, Tri anti corrosive)
HUB-24V-IP20-060W-MO	16890	60w, 24VDC LED Driver, IP20, multi outlet	100	77	23	📈 MAP has +23 more		
R2631-WH-3M	30308	3m Three circuit 4 wire track, 35mm x 35mm, White	787	808	-21	📉 SYSTEM has +21 more	E-FLOOR, E-FLOOR	
HUB-24V-IP20-100W-MO	16910	100w, 24VDC LED Driver, IP20, multi outlet	99	78	21	📈 MAP has +21 more	G-Floor	
R-SLGP2-WH-V1	31655	2 Gang Slimline Rigid Plate *	60	80	-20	📉 SYSTEM has +20 more		
R2213-WH	30196	Rapidline Linear X Connector White	20	0	20	⚠️ MAP ONLY (not in system)		
R4101-BK-WW	13632	46W LED Narrow up/down linear pendant 1500mm, Black, 3000K	60	40	20	📈 MAP has +20 more	F13	
R2513-BK-WW	35162	15w Spotlight To Suit Three Circuit Track. Warm White 3000K Black *	6	25	-19	📉 SYSTEM has +19 more		
R2499-400-40W-BK-WW	31994	40w 400mm Round Curved Surface Mount Oyster, Black, 3000K	22	4	18	📈 MAP has +18 more	A108, E-FLOOR	
R1069-WH-12W-WW-60	18195	12w Architectural Dimmable Deep Set COB Downlight, IP20, 60o Beam, 90mm Cut Out. 3000K White	17	0	17	⚠️ MAP ONLY (not in system)		cin7_mirror match: R1069-WH-12W-WW-60-V1 - 12w Architectural Dimmable Deep Set COB Downlight, IP20, 60o Beam, 90mm Cut Out. 3000K White *
HUB-SENSOR-WAVE	17102	Master sensor to suit Hub driver	50	33	17	📈 MAP has +17 more		
R2592-D-BK-WW	18284	20w Cylinder spotlight to suit three circuit track - Dimmable, Black 3000K *	16	0	16	⚠️ MAP ONLY (not in system)		cin7_mirror match: R2592-D-BK-WW-V1 - 20w Cylinder spotlight to suit three circuit track - Dimmable, Black 3000K *
R3077-600	17220	600w Commercial Floodlight IP66 with 30o Lens	13	29	-16	📉 SYSTEM has +16 more	A87	
R2320-DL-10	47333	10w 24v, Rapid Neoflex, 5000k, IP67, 10m roll *	30	15	15	📈 MAP has +15 more		
HUB-SENSOR-TOUCH	17012	Touch sensor to suit Hub driver	50	35	15	📈 MAP has +15 more		
R-GPO1X-WH-V1	31399	10A Single Powerpoint with Extra Switch *	100	86	14	📈 MAP has +14 more		
R1040-SC-TRI	57580	7w Dimmable Downlight With Flex & Plug IP54 70mm Cut Out, Satin Chrome	32	46	-14	📉 SYSTEM has +14 more		
R6085-WH-TRI	31424	18w LED Square Wall Light IP54, White, Tri anti corrosive	131	118	13	📈 MAP has +13 more		
R6150-S	30108	50w Slimline Floodlight with Microwave Sensor, IP65, Black	24	36	-12	📉 SYSTEM has +12 more		
R6150	30419	50w Slimline Floodlight, IP65, Black	42	54	-12	📉 SYSTEM has +12 more		
R6070-WH-CW	30874	10w LED Adjustable Wall Light IP54, White, 4000k *	36	48	-12	📉 SYSTEM has +12 more		
R2519-BK-CW	34689	35w Spotlight To Suit Three Circuit Track, Cool White 4000K Black *	12	0	12	⚠️ MAP ONLY (not in system)		
R2321-WW-15-V2	17179	10w 24v, Rapid Neoflex, 3000k, IP67 - Side Bend, 15m roll *	12	0	12	⚠️ MAP ONLY (not in system)		cin7_mirror match: R2321-WW-15 - 10w 24v, Rapid Neoflex dual powered, 3000k, IP67 - Side Bend, 15m roll
R3243-020-CW	16831	20W LED Solar Street Light IP66 4k Silver	12	1	11	📈 MAP has +11 more	C33	
R2601-WH-1M	30485	1m Single circuit 3 wire track 20mm x 35mm, White	109	119	-10	📉 SYSTEM has +10 more	C10, F7	
R134M-5W-WW-40	15647	Module for R1341 head range - 5w WW 40 deg	10	0	10	⚠️ MAP ONLY (not in system)		
R2519-BK-WW	53587	35w Spotlight To Suit Three Circuit Track, Warm White 3000K Black *	13	3	10	📈 MAP has +10 more		
R1171-WH-WW	30641	15w Dimmable Surface Mount Downlight Frosted Diffuser IP54. 3000K Warm White	10	0	10	⚠️ MAP ONLY (not in system)		
R1141-WH-TK	31334	White Track Track Mount Kit to suit R1141	864	855	9	📈 MAP has +9 more	B28	
R3208-TRI	15509	50w LED Tri Colour Backlit Panel 1200mm x 600mm White	259	267	-8	📉 SYSTEM has +8 more	A53, A67, B5, B10, B15, B20, B40	
R1082-BK-WW	41126	18w Dimmable COB Downlight with Remote Driver, IP54, 120mm Cut out, Warm White 3000K Black *	40	32	8	📈 MAP has +8 more	D73	
R2651-WH-3M-RM	31001	3m Three circuit 6 wire track to suit Dali, 35mm x 35mm, White, recessed mount	8	0	8	⚠️ MAP ONLY (not in system)	F15	Possible match: R2651-WH-3M-SM (3m Three circuit 6 wire track to suit Dali, 35mm x 35mm, White, Surface mount)
R3111-3K	32326	120w LED Hi Bay IP65, 3000k *	7	0	7	⚠️ MAP ONLY (not in system)		
R3540-CW	30115	40w 1200mm Wide Body WP Opal Batten IP65 *	19	13	6	📈 MAP has +6 more		
R-ROCASDF-80-WH-CW	96725	20w LED Square Recessed Wall Washer , White Trim , 4000K , CRI90, no driver	8	2	6	📈 MAP has +6 more		
R6001-EXT	96567	Extension Plate to suit 130W LED Canopy Light - IP65 - 4000K *	8	3	5	📈 MAP has +5 more		
R6001-DL	96616	130w LED Canopy Light - IP65 - 5000K *	5	0	5	⚠️ MAP ONLY (not in system)		
R3202-WW	31673	36w LED Panel 1200mm x 300mm White 3000K Warm White *	5	0	5	⚠️ MAP ONLY (not in system)	G1	
R3540-S-CW	30131	40w 1200mm Wide Body WP Opal Batten, Step Dim Sensor, IP65 *	5	0	5	⚠️ MAP ONLY (not in system)		
HUB-SENSOR-DOOR	16974	Single door sensor to suit Hub driver	50	45	5	📈 MAP has +5 more		
R3207-UGR19-16-3500K	35886	16w LED Backlit Panel 600mm x 300mm White 3500K Warm White, UGR19 Flicker Free driver *	0	5	-5	⚠️ SYSTEM ONLY (not in map)		
R2352-BL-10	30557	9.6W 24V LED Strip Light, IP65, Blue, 10m roll	4	0	4	⚠️ MAP ONLY (not in system)		
R3540-EM-S-DL	30633	40w 1200mm Wide Body WP Opal Batten Emergency IP65 with Sensor - 5700k *	4	0	4	⚠️ MAP ONLY (not in system)		Possible match: R3540-EM-S-TRI (40W - 24W 1200mm Wide Body WP Opal Batten IP65 - Tri Colour- Emergency with Sensor)
R3540-EM-S-CW	30757	40w 1200mm Wide Body WP Opal Batten Emergency IP65 with Sensor *	10	6	4	📈 MAP has +4 more		
R3126-240-DL	37962	240w Linear Hibay, 155LPW, 680x325x60mm, Silver, IK10	0	4	-4	⚠️ SYSTEM ONLY (not in map)		
R1151-BK-WW	30252	24w LED Surface Mount Downlight - IP65 - Warm White	98	95	3	📈 MAP has +3 more	A43	
R2201-BK-CW	30702	29w 1167mm Rapidline Linear extrusion, Black, 4000k V2	339	336	3	📈 MAP has +3 more	A86, A99, B42	
R2498-PND-1000-100W-BK-WW	31893	100w 1000mm Round pendant oyster light, Black, 3000K	6	3	3	📈 MAP has +3 more		
R3250-BRACKET-USM	29725	U-Brack for Hi Powered LED Streetlight - 180-300W	3	0	3	⚠️ MAP ONLY (not in system)		
R1201-SC-WW	42090	4.5w Mini Adjustable Downlight With Driver, 45mm Cut Out, Warm White 3000K Satin Chrome *	7	4	3	📈 MAP has +3 more		
R3900-BK-40W-WW-30	76577	2 x 20W 3K IP65 Black Up-Down Wall Light, 30deg  Beam	3	0	3	⚠️ MAP ONLY (not in system)		Possible match: R3900-BK-40W-WW-30-DALI (2 x 20W 3K IP65 Black Up-Down Wall Light, 30deg  Beam with Dali Driver)
R1095-25	29842	25w Driver to suit R1093-4 downlight range	0	3	-3	⚠️ SYSTEM ONLY (not in map)		
R3111_1-10V	35451	120w High Efficency LED HiBay , IP65 , 1-10v Dimmable Gear *	2	0	2	⚠️ MAP ONLY (not in system)		
R1081-WH-WW	18265	13w Dimmable COB Downlight with Remote Driver, IP54, 90mm Cut out, Warm White 3000K White	324	322	2	📈 MAP has +2 more		
R2322-DL-15	17458	10w 24v, Rapid Neoflex Dual powered, 5000k, IP67 - Top Bend, 15m roll	2	0	2	⚠️ MAP ONLY (not in system)	D9	cin7_mirror match: R2322-DL-15-V1 - 10w 24v, Rapid Neoflex, 5000k, IP67 - Top Bend, 15m roll *
R3114	30207	200W LED High bay *	2	0	2	⚠️ MAP ONLY (not in system)		
R1167	43831	35w Surface Mount Can *	30	28	2	📈 MAP has +2 more	D54	
R6236-EYELID-BK	30552	Eyelid cover to suit R6236 Black *	2	0	2	⚠️ MAP ONLY (not in system)		
R6085-BK-TRI-V1	31132	18w LED Square Wall Light IP54, Black, Tri *	4	2	2	📈 MAP has +2 more		
R1069-WH-CW-60	30038	12w - 6w Architectural Dimmable Deep Set COB Downlight, IP20, 60o Beam, 90mm Cut Out. 4000K White	2	0	2	⚠️ MAP ONLY (not in system)		
R3540-EM-CW	30500	40w 1200mm Wide Body WP Opal Batten Emergency IP65 *	2	0	2	⚠️ MAP ONLY (not in system)		Possible match: R3540-EM-TRI (40W -24W 1200mm Wide Body WP Opal Batten IP65 Tri Colour - Emergency)
STARFR48	93799	Stanza Remote Control Kit	0	2	-2	⚠️ SYSTEM ONLY (not in map)		
VEN-SKYWCM-2	92347	Skyfan Wall Control Module to suit without light models	0	2	-2	⚠️ SYSTEM ONLY (not in map)		
R3206-UGR19-25-DL	10086	25w Backlit LED Panel 1200mm x 300mm White 5700k Day light, UGR19 Flicker Free driver *	912	911	1	📈 MAP has +1 more	A3, A8, A14, A18, A24, B2, B12, B52, C14, C18, D28, G-Floor	
R9998	39040	2W LED Exit Fitting Box Type, Ceiling Surface Mounted, w/auto test - IP65	212	211	1	📈 MAP has +1 more	A10, A30, B29	
R1170-WH-WW	30230	8w Dimmable Surface Mount Downlight Frosted Diffuser IP54. 3000K Warm White	239	238	1	📈 MAP has +1 more		
R6078-WH-TRI	31475	8w Round LED Wall Light IP65, White, Tri anti corrosive	214	213	1	📈 MAP has +1 more	B81	
R6236-WH	30559	12w Round polycarbonate bunker IP66, 4000k, White	7	6	1	📈 MAP has +1 more		
DEK-EVOII50-WH	90526	50"/1250mm Fully Moulded PC Composite 3 Blade Ceilng Fan - Satin White	17	18	-1	📉 SYSTEM has +1 more	A60	
R3250-600-BK-CW_R10503	27038	600w LED High Performance Floodlight IP66, 4000K	10	9	1	📈 MAP has +1 more	B30	
R1147-BK-BK-60-SM	31336	25W Dimmable, Medium Black  Surface Mount Downlight with Black Reflector, Tri Colour 60 Deg	120	119	1	📈 MAP has +1 more	A91	
R3250-240-BK-CW_R10503	52026	240W High Performance LED Floodlight IP66 , BLK , 4000K , R10503 Distribution	48	47	1	📈 MAP has +1 more	A95, B83, B92	
R3570-TRI	30987	40W -24W 1200mm Wide Body Batten Opal Diffuser Tri Colour	95	96	-1	📉 SYSTEM has +1 more	A104, A107	
R1312-WH	30292	White Twin Rectangular Slotter Head Only to Suit R131M	252	251	1	📈 MAP has +1 more	B6	
R3110	30393	80w LED Hibay 5K IP65 *	1	0	1	⚠️ MAP ONLY (not in system)	B7	
R-SLGPO2-WH	32840	10A Slimline Double powerpoint	6498	6499	-1	📉 SYSTEM has +1 more	B8, B71	
R1140-WH-PND	31269	White Pendant Kit to suit R1140	108	107	1	📈 MAP has +1 more	B21	
R6019-WW	44037	3W 12vDC Garden spike, IP65, 3000K	450	449	1	📈 MAP has +1 more	B34	
R1084-WH-WW-60	10248	9w Dimmable COB Downlight with Remote Driver, IP20, 75mm Cut out, 3000K White	936	935	1	📈 MAP has +1 more	B48	
R1151-WH-WW	30170	24w LED Surface Mount Downlight - IP65 - Warm White	48	47	1	📈 MAP has +1 more	B51	
R1140-BK-PND	31169	Black Pendant Kit to suit R1140	467	466	1	📈 MAP has +1 more	B62	
R6002-SM-KIT	30555	Surface Mount Kit to suit R6002	30	29	1	📈 MAP has +1 more		
R-GPO2-15-WH-V1	31453	15A Double Powerpoint *	219	218	1	📈 MAP has +1 more		
R3240-BK-LRG-60	29965	120W - 30W Quad Watt Black LED Street Light Dual CCT 3K & 4K with 60mm Spigot	69	70	-1	📉 SYSTEM has +1 more	C25, D10, D44	
R1091-10-WH-SIL-TRI	30068	10W Dimmable White COB Downlight with Silver Reflector, IP54 90mm Cutout, Tri Colour 60o UGR19 with F&P	107	106	1	📈 MAP has +1 more	C34	
R2517-BK-CW	53972	25w Spotlight To Suit Three Circuit Track, Cool White 4000K Black *	3	2	1	📈 MAP has +1 more		
R6240-S-WH-TRI	30035	19w Polycarbonate Bunker IP65 with Sensor, White	60	59	1	📈 MAP has +1 more	D24	
R6332-500	30480	Post to suit R6330/1/3 Bollard - Black - 500mm	1	0	1	⚠️ MAP ONLY (not in system)		
DOM-20635	90116	Pistol-15 WH 3000K	3	2	1	📈 MAP has +1 more	Misc	
R6022-WH	96597	15w Single Spot Light with CCT  - White *	2	1	1	📈 MAP has +1 more		
R6240-EM-S-BK-TRI	30773	22w Polycarbonate Bunker IP65 Emergency with Sensor, Black	70	69	1	📈 MAP has +1 more	D51	
R1158-BK-35W-CW-60	79576	35W Black Surface Mount Downlight, 4K IP65 60deg Beam	1	0	1	⚠️ MAP ONLY (not in system)		
R1204-WH-WW	30821	4.5w Mini Downlight With Driver, 35mm Cut Out, Warm White 3000K White	1	0	1	⚠️ MAP ONLY (not in system)	D57	
R2320-DL-15	47390	10w 24v, Rapid Neoflex, 5000k, IP67, 15m roll *	1	0	1	⚠️ MAP ONLY (not in system)		
R9995-V1	30154	2W LED Exit Fitting Box Type-Wall Surface Mounted - IP65, w/auto test *	1	0	1	⚠️ MAP ONLY (not in system)	D61	cin7_mirror match: R9995 - 2W LED Exit Fitting Box Type-Wall Surface Mounted - IP65, w/auto test
R2206-BK-CW	30112	29w 1167mm Rapidline Linear Extrusion - Louvre, Black, 4000k V2	1	0	1	⚠️ MAP ONLY (not in system)		
R3205-CW	20257	36w Backlit LED Panel 600mm x 600mm White 4000K Cool White	1	0	1	⚠️ MAP ONLY (not in system)		Possible match: R3205-CW-FF (36w 4000K , 600x600 LED Backlit Panel , FF , with Remote Driver)
R1044	30281	25w Dimmable Downlight Complete With Flex & Plug IP54 200mm Cut Out.	1	0	1	⚠️ MAP ONLY (not in system)		
R1146-WH-GLD-60-PND	83877	15W Dimmable, Small White Pendant with Gold Reflector, Tri Colour 60o	1	0	1	⚠️ MAP ONLY (not in system)		cin7_mirror match: R1146-WH-GLD-60-SM - 15W Dimmable, Small White Surface Mount Downlight with Gold Reflector, Tri Colour 60o
R-ROCA-010181A05	96680	10w Linear Downlight	7	6	1	📈 MAP has +1 more		
R1077-ADJ-9W	92621	9w LED Adjustable Wall Washer Downlight, Flicker Free Dimmable Driver, 3000k, 38 deg	9	8	1	📈 MAP has +1 more		
R3240-090-BK	30574	90W LED Street Light Black 5000k *	1	0	1	⚠️ MAP ONLY (not in system)		cin7_mirror match: R3240-090-BK-60 - 90W LED Street Light Black 5000k 60mm Spigot *
R3240-070-BK	30401	70w LED Street Light, Asymmetric Light Distribution, IP66, Black	1	0	1	⚠️ MAP ONLY (not in system)		cin7_mirror match: R3240-070-BK-60 - 70w LED Street Light, Asymmetric Light Distribution, IP66, Black, with 60mm spigot *
R2382-AL-2M	29765	Recessed Aluminium Extrusion, Opal Diffuser, 9mm x 17mm x 2M	700	699	1	📈 MAP has +1 more		
R3520	30647	20w 600mm Wide Body WP Opal Batten IP65 *	1	0	1	⚠️ MAP ONLY (not in system)		Possible match: R3520-EM (20w, 600mm Wide Body Weatherproof Batten with Opal Diffuser, Emergency, IP65 *)
R1171-WH-CW	30011	15w Dimmable Surface Mount Downlight Frosted Diffuser IP54. 4000K Cool White	1	0	1	⚠️ MAP ONLY (not in system)		
R1022	30852	13w Dimmable Downlight Integral Driver With Flex & Plug IP54 120mm Cut Out	300	299	1	📈 MAP has +1 more	G-Floor	
R1024	30345	20w Dimmable Downlight Integral Driver Wth Flex & Plug IP54 190mm Cut Out.	220	219	1	📈 MAP has +1 more	C-Floor	
R3111-S	30460	120w LED Hi Bay IP65 with Sensor *	0	1	-1	⚠️ SYSTEM ONLY (not in map)		
R3540-TRI	29904	40W - 24W 1200mm Wide Body WP Opal Batten IP65 Tri Colour	1152	1152	0	✅ MATCH	A1, A47, A52, B44, C47, C61, C73, C76, D14, D25, D75, G-Floor	
R3206-UGR19-25-CW	30240	25w Backlit LED Panel 1200mm x 300mm White 4000K Cool White, UGR19 Flicker Free driver	1223	1223	0	✅ MATCH	A2, A5, A9, A72, B25, C15, C27, C28, G-Floor, G-Floor, G-Floor, G-Floor, G-Floor, G-Floor, G-Floor, G-Floor, G-Floor	
R3043	34260	100W, 75W & 50W Selectable, Anti-corrosion commercial floodlight IP66 – 3000k/4000k – Black	139	139	0	✅ MATCH	A4, B76	
R1092-18-WH-SIL-TRI	30754	18W Dimmable White COB Downlight with Silver Reflector, IP54 120mm Cutout, Tri Colour 60o UGR19 with F&P	611	611	0	✅ MATCH	A6, A58	
R3206-UGR19-30-CW	30451	30w Backlit LED Panel 1200mm x 300mm White 4000K Cool White, UGR19 Flicker Free driver	720	720	0	✅ MATCH	A7, A68, A69, B74, B99, C5, D4, G-Floor, G-Floor, G-Floor	
R1160-WH-V2	17113	13w Dimmable Surface Mount Downlight COB Style With Reflector IP54, White, anti corrosive	574	574	0	✅ MATCH	A11, C4, C8	
R6101-WW	30351	2w 12v DC LED Inground Uplight with 316 Stainless Steel Trim, Warm White *	17	17	0	✅ MATCH	A12	
R6101-CW	30608	2w 12v DC LED Inground Uplight with 316 Stainless Steel Trim, Cool White *	6	6	0	✅ MATCH		
R6102-WW	30590	5w 12v DC LED Inground Uplight with 316 Stainless Steel Trim, Warm White *	6	6	0	✅ MATCH		
R6012-WW	30863	2W 12v Black garden spot light, 20deg beam, 3000K *	1	1	0	✅ MATCH		
R6012-CW	30514	2W 12v Black garden spot light, 20deg beam, 4000K *	8	8	0	✅ MATCH		
R6011-CW	30157	8W 12v Black garden spot light, 30deg beam, 4000K *	40	40	0	✅ MATCH	D63	
R2598-WH	30474	Surface mounted base to suit 3 circuit track head - White	24	24	0	✅ MATCH		
R2598-BK	30467	Surface mounted base to suit 3 circuit track head - Black	81	81	0	✅ MATCH		
R2101-BK-WW	35010	18w LED Dimmable Slimline Oyster IP54, 3000K Warm White Black *	70	70	0	✅ MATCH	A13	
R1141-BK-TK	31105	Black Track Track Mount Kit to suit R1141	95	95	0	✅ MATCH		
R1146-BK-BK-60-SM	31289	15W Dimmable , Small Black Surface Mount Downlight with Black Reflector, Tri Colour 60 Deg	71	71	0	✅ MATCH	A17	
R6073-BK-TRI	31878	6w LED Down Wall Light IP65, Black, Tri Colour anti corrosive	72	72	0	✅ MATCH		
R6090-BK-CW-V2	31542	5w LED Small Round Wall Light IP65, Black, 4000K anti corrosive	71	71	0	✅ MATCH		
R1306-BK-CW	17160	24w LED Dimmable Round Scoop Downlight, Black, Cool White	167	167	0	✅ MATCH	A19	
R3540-EM-S-TRI	30775	40W - 24W 1200mm Wide Body WP Opal Batten IP65 - Tri Colour- Emergency with Sensor	575	575	0	✅ MATCH	A20, A44, C13, C89, D59, D67	
R-GPO2-WH-V1	31432	10A Double Powerpoint *	4355	4355	0	✅ MATCH	A21, B11	
R3250-450-BK-CW_R10503	32924	450W High Performance LED Floodlight IP66, 4000k R10503 distribution	28	28	0	✅ MATCH	A22, A32, A33, A66, A71, C39	
R3580	40111	20W/40W Dual wattage, 1200mm Narrow body batten opal diffuser, Tri colour	1079	1079	0	✅ MATCH	A23, A42, A59, A80, B82, B87, D41, D80	
R0003	15823	240v Smoke Alarm, 9v Battery	3695	3695	0	✅ MATCH	A25, A27, A28, A45, B24	
R1166-BK-CW	47933	15w LED Surface Mount Polycarb Downlight - IP65 - Black, Cool White	53	53	0	✅ MATCH		
R3250-180-BK-CW_R10503	51635	180w 4000K BLK LED Area Light with R10503 Distribution	59	59	0	✅ MATCH	A29, A50, A98, B59	
R-SLGP1-WH-V1	31648	1 Gang Slimline Rigid Plate *	47	47	0	✅ MATCH	A31	
R-RJ11	31767	4 Core Telephone Mechanism *	350	350	0	✅ MATCH		
R-SM16-V1	31486	16A Switch Mechanism *	679	679	0	✅ MATCH		
R-GPO1-WH-V1	31359	10A Single Powerpoint *	718	718	0	✅ MATCH		
R-SLSW1-WH-V1	31597	1 Gang Slimline Wall Switch, White *	32	32	0	✅ MATCH		
R-SLGPO1-WH-V1	31330	10A Slimline Single PowerPoint *	708	708	0	✅ MATCH		
R6332-900	30101	Post to suit R6330/1/3 Bollard - Black - 900mm	110	110	0	✅ MATCH	A34, B13, B69, D62	
R2210	30299	Rapidline Linear Straight Connector	500	500	0	✅ MATCH	A35	
R2218-BK	30456	Rapidline Canopy Surface Mounted Kit, Black	100	100	0	✅ MATCH		
R2216	30690	Rapidline Surface Mounting Kit	640	640	0	✅ MATCH		
R2215-WH	30660	Rapidline Linear End Cap (2pce) White	300	300	0	✅ MATCH		
R1141-BK-BK-60-SM	31134	15, 20 & 25W Selectable, Medium Black  Surface Mount Downlight with Black Reflector, Tri Colour 60o	274	274	0	✅ MATCH	A36, A61	
R1141-WH-WH-60-SM	31226	15, 20 & 25W Selectable, Medium White Surface Mount Downlight with White Reflector, Tri Colour 60o	934	934	0	✅ MATCH	A79, B66	
R6054-SS-TRI	31440	2x5W 316 Stainless Steel Adjustable Twin Wall Light, IP65 Tri Colour	79	79	0	✅ MATCH	A37	
R6397-TRI	43017	12w Bollard 900mm, IP65, Black, Tri (2700k, 4000k, 6000k)	112	112	0	✅ MATCH	A39, B58	
R3077-400	16458	400w Commercial Floodlight IP66 with 45o Lens	58	58	0	✅ MATCH	A40, B45	
R107M-WW-60	29992	12W - 6W Module for R107 head range - WW 60 degrees	1894	1894	0	✅ MATCH	A41, B38, B47	
R6018-CW	30971	8W 12v DC Black garden spot light, 40deg beam, IP67 4000K	80	80	0	✅ MATCH		
R1308-CW	30906	40w Dimmable Round Scoop Downlight with Remote Driver, White Cool White 4000K	47	47	0	✅ MATCH		
R3542-TRI	10886	40W - 21W 1200mm Wide Body WP Opal Batten IP65 Tri Colour	1836	1836	0	✅ MATCH	A46, A63, A64, A65, A70, A73, A74, A76, A84, A92, A93, A94, A97, A102, A103, B67, B79	
R6232-WH-TRI	31422	20W-12W Quad Watt 300mm Polycarbonate Bunker IP65 White Tri Colour	508	508	0	✅ MATCH	A48, A49, C42, D30, D31	
R1061-A-WH-TRI	30161	8w Adjustable Dimmable Downlight Integral Driver IP54 Tri White	270	270	0	✅ MATCH	A51	
R1140-BK-BK-60-SM	31042	10, 12 & 15W Selectable, Small Black Surface Mount Downlight with Black Reflector, Tri Colour 60o	477	477	0	✅ MATCH	B91	
R6074-BK-TRI	32027	10w LED Down Wall Light IP65, Black, Tri Colour anti corrosive	90	90	0	✅ MATCH		
R1355-40-WH-CW	46306	40w Dimmable COB Downlight, White, IP44, 195mm Cutout, 4000k, 60o, UGR19 w/ Flex and Plug	60	60	0	✅ MATCH		
R6240-BK-TRI	30202	19w Polycarbonate Bunker IP65, Black	100	100	0	✅ MATCH	A55	
R8001-KIT	30057	12v Festoon LED Lighting Kit - with 10 x S14 lamps 2700K and Driver	100	100	0	✅ MATCH	A56	
R2125-DIFFUSER-SLIM	87158	330mm SLIM Acrylic Diffuser to suit R2120	150	150	0	✅ MATCH	A57	
R6201-COVER-WH	86614	R6201 Hourglass Cover White	80	80	0	✅ MATCH		
R6336-TRI	30909	25W  Black Bollard Head Only -  TRI (3k / 4K / 5K), Anti-corrosive	127	127	0	✅ MATCH	A62, B35	
R3541-TRI	10534	20W - 11W 600mm Wide Body WP Opal Batten IP65 Tri Colour	324	324	0	✅ MATCH	A77, B89	
R3207-TRI-RM	30816	16w LED Tri Colour Recessed Mount Backlit Panel Kit 600mm x 300mm White	72	72	0	✅ MATCH	A78	
R6330-CW	30127	14w Bollard Head only - Cool White	40	40	0	✅ MATCH	A81	
R0001-RF	15452	Wireless Interconnect DC Smoke Alarm, 10 Year Lithium Battery	3458	3458	0	✅ MATCH	A82, B3, B70	
R3118-REFLECTOR-PC	72233	PC Reflector with lens for R3118 High bay	200	200	0	✅ MATCH	A83, A85, A100, A105, A110	
R2201-BK-WW	30594	29w 1167mm Rapidline Linear extrusion, Black, 3000k V2	69	69	0	✅ MATCH		
R6330-WW	30748	14w Bollard Head only - Warm White	36	36	0	✅ MATCH	A88	
R6331-WW	30563	24w Bollard Head only - Warm White	49	49	0	✅ MATCH	A89	
R8001-5M	30310	12v Festoon LED Extension - with 10 x S14 lamp 2700K	598	598	0	✅ MATCH	A96, D27	
R1160-BK	31223	13w Dimmable Surface Mount Downlight, COB Style With Reflector, IP54, Tri Colour, Black, Anti corrosive	264	264	0	✅ MATCH	A101	
R6092-12V-WH-CW	33641	12V 5w LED Small Square Wall Light IP65, White, 4000K anti corrosive	71	71	0	✅ MATCH	A106	
R6092-12V-WH-WW	33731	12V 5w LED Small Square Wall Light IP65, White, 3000K anti corrosive	36	36	0	✅ MATCH		
R6130	30375	30w Slimline Floodlight, IP65, Black	190	190	0	✅ MATCH	A109	
R6056-BK-WW	66995	2x 13.5w LED Up Down Light Black WW IP65	190	190	0	✅ MATCH	B41	
R0002	15587	240v Smoke Alarm, 3v Rechargeable Lithium Battery	732	732	0	✅ MATCH	B9	
R0002-RF	15716	240v Wireless Interconnect Smoke Alarm, 3v Rechargeable Lithium Battery	430	430	0	✅ MATCH	B14	
R1147-WH-WH-60-SM	31361	25W Dimmable, Medium White Surface Mount Downlight with White Reflector, Tri Colour 60 Deg	418	418	0	✅ MATCH	B17, C48	
R3206-DL	59106	30w Backlit LED Panel 1200mm x 300mm X 25mm White 5700K Daylight	179	179	0	✅ MATCH	B18, B55	
R1170-WH-CW	30062	8w Dimmable Surface Mount Downlight Frosted Diffuser IP54. 4000K Cool White	89	89	0	✅ MATCH		
R3241-BK-070-60	11719	70W - 21W Quad watt Black LED Street light Dual CCT 3K & 4K with 60mm spigot	172	172	0	✅ MATCH	B22, B27, B33	
R6016-WW	31580	2W 12v DC Black garden spot light, 36deg beam, IP67 3000K	300	300	0	✅ MATCH	B23, D36	
R6017-WW	31506	5W 12v DC Black garden spot light, 40deg beam, IP67 3000K	299	299	0	✅ MATCH		
R6018-WW	31205	8W 12v DC Black garden spot light, 40deg beam, IP67 3000K	299	299	0	✅ MATCH		
R-SW6-WH-V1	31342	6 Gang Wall Switch, White *	530	530	0	✅ MATCH	B26	
R-SW5-WH-V1	31333	5 Gang Wall Switch, White *	637	637	0	✅ MATCH	C41	
R-SW4-WH-V1	31307	4 Gang Wall Switch, White *	1000	1000	0	✅ MATCH		
R1075-WH-WW-60	29826	12w - 6w COB Dimmable Downlight, Remote Driver, Flex and Plug, White Trim, Warm White, 60o Beam	179	179	0	✅ MATCH	B36	
R1076-BK	30680	R1076 Black Head Only	396	396	0	✅ MATCH	C80	
R131M-24W-WW-60	30353	Module for R131 head range - 24w WW 60 degrees	72	72	0	✅ MATCH		
R1352-18-WH-CW	45218	18w Dimmable COB Downlight, White, IP44, 120mm Cutout, 4000k, 60o, UGR19 w/ Flex and Plug	191	191	0	✅ MATCH	B39	
R1140-WH-WH-60-SM	30964	10, 12 & 15W Selectable, Small White Surface Mount Downlight with White Reflector, Tri Colour 60o	167	167	0	✅ MATCH		
R1208-BK-WW	31709	6w LED High Output Mini Downlight Black Warm White	64	64	0	✅ MATCH	B46	
R131M-24W-CW-60	30339	Module for R131 head range - 24w CW 60 degrees	35	35	0	✅ MATCH		
R2214	30012	Rapidline Linear Pendant Kit - 2m	320	320	0	✅ MATCH		
R1085-WH-CW-60	10555	9w Dimmable COB Downlight with Remote Driver, IP20, 90mm Cut out, 4000K White	792	792	0	✅ MATCH	B49	
R6370-1	14123	Dome top for R6370 Garden spike	299	299	0	✅ MATCH	B50	
R6370-2	14638	Cylinder top for R6370 Garden spike	60	60	0	✅ MATCH		
R6370-3	15010	Cone top for R6370 Garden spike	60	60	0	✅ MATCH		
R2160-WH-WW	32041	3w 12v DC Step Light Round White Warm White	200	200	0	✅ MATCH		
R6395-TRI	10080	12w Bollard 900mm, IP65, Black, Tri (2700k, 4000k, 6000k)	192	192	0	✅ MATCH	B53, B78	
R6241-EYELID-WH	30014	Eyelid to suit R6240 - White	80	80	0	✅ MATCH		
R2120 TRIM BLACK	30329	Trim to suit R2120	60	60	0	✅ MATCH		
R1141-BK-PND	30930	Black Pendant Kit to suit R1141	95	95	0	✅ MATCH		
TRIM-R1031-BK	30078	Black trim to suit R1031	240	240	0	✅ MATCH		
TRIM-R1021-BK	30671	DL54/B/Black Trim	719	719	0	✅ MATCH		
TRIM-R1021-SC	30883	DL54/SC Trim	240	240	0	✅ MATCH		
R6002-WH-TRI	30547	120-30W Quad wattage surface mounted canopy light, White tri colour	99	99	0	✅ MATCH	B63	
R3240-BK-MED-60	29979	70W - 20W Quad Watt Black LED Street Light Dual CCT 3K & 4K with 60mm Spigot	30	30	0	✅ MATCH	B64	
R1076-WH-CW-60	30617	12w - 6w COB Dimmable Downlight, Remote Driver, Flex and Plug, White Trim, Cool White, 60o Beam	503	503	0	✅ MATCH	B65	
R6396-TRI	42815	12w Bollard 900mm, IP65, Black, Tri (2700k, 4000k, 6000k)	128	128	0	✅ MATCH	B68, B73	
R1093-25-BK-SIL-TRI	30886	25W Dimmable Black COB Downlight with Silver Reflector, IP54 150mm Cutout, Tri Colour 60o UGR19 with F&P	84	84	0	✅ MATCH	B72	
R1353-25-WH-WW	45940	25w Dimmable COB Downlight, White, IP44, 140mm Cutout, 3000k, 60o, UGR19 w/ Flex and Plug	95	95	0	✅ MATCH		
R6092-12V-BK-WW	29823	12V 5w LED Small Square Wall Light IP65, Black, 3000K anti corrosive	71	71	0	✅ MATCH		
R6094-WH-WW	34424	10w LED Rectangular Wall Light IP65, White, 3000K anti corrosive	35	35	0	✅ MATCH		
R3302-020-CW	31443	20w LED Wall Pack IP66, Black, 4000k	28	28	0	✅ MATCH		
R3540-EM-TRI	31037	40W -24W 1200mm Wide Body WP Opal Batten IP65 Tri Colour - Emergency	672	672	0	✅ MATCH	B84, B88, D8, D16, F17, G-Floor, G-Floor	
R1309-WH-WW	30096	15w LED Adjustable / Retractable 36o Downlight - White, 3000k	239	239	0	✅ MATCH		
R3241-BK-120-60	34704	120W - 36W Quad watt Black LED Street light Dual CCT 3K & 4K with 60mm spigot	49	49	0	✅ MATCH	B93	
R6130-S	30072	30w Slimline Floodlight with Microwave Sensor, IP65, Black	40	40	0	✅ MATCH	B94	
R1146-WH-WH-60-SM	31300	15W Dimmable, Small White Surface Mount Downlight with White Reflector, Tri Colour 60o	861	861	0	✅ MATCH	B96, C26	
R6052-WH-TRI	30313	5W White extruded aluminium fixed wall light, IP65 Tri colour	230	230	0	✅ MATCH	B97	
R-GP6-WH	31947	6 Gang Rigid Plate	199	199	0	✅ MATCH		
R-GPO1-WH	32008	10A Single Powerpoint	499	499	0	✅ MATCH		
R-SLSW1-WH	32950	1 Gang Slimline Wall Switch, White	500	500	0	✅ MATCH		
R6051-BK-TRI	30573	5W Black extruded aluminium adjust wall light, IP65 Tri colour	150	150	0	✅ MATCH	B98	
R-PMB	31467	Plaster Bracket	2999	2999	0	✅ MATCH		
R1355-40-WH-WW	46400	40w Dimmable COB Downlight, White, IP44, 195mm Cutout, 3000k, 60o, UGR19 w/ Flex and Plug	120	120	0	✅ MATCH	C1, D18	
R2582-WH-WW-60-DALI	31909	25W, 30W & 35W Selectable, small spotlight to suit three circuit 6 wire track, White, 3000K 60deg	60	60	0	✅ MATCH		
R1352-18-WH-WW	45620	18w Dimmable COB Downlight, White, IP44, 120mm Cutout, 3000k, 60o, UGR19 w/ Flex and Plug	95	95	0	✅ MATCH	C2	
R1165-BK-WW	47383	9w LED Surface Mount Polycarb Downlight - IP65 - Black, Warm White	107	107	0	✅ MATCH		
R2587-BK-PRO	15530	30W Bluetooth Small Track Light, Dual Sensor PRO, Black, Pack 2	102	102	0	✅ MATCH	C3	
R9990-S-WH	15373	1.8w LED Surface mount spitfire emergency fitting, White, IP65	100	100	0	✅ MATCH	C6	
R9990-S-BK	15434	1.8w LED Surface Mount Spitfire Emergency Fitting, Black, IP65	80	80	0	✅ MATCH		
R1170-BK-WW	17171	8w LED Surface Mount Downlight , IP54 , Black Body , 3000K	29	29	0	✅ MATCH		
R-SW1-WH-V1	31279	1 Gang Wall Switch, White *	3785	3785	0	✅ MATCH	C11, C16	
R-GPO1-15-WH-V1	31377	15A Single Powerpoint *	262	262	0	✅ MATCH		
R-GPO2X-WH-V1	31470	10A Double Powerpoint with Extra Switch *	267	267	0	✅ MATCH		
R2132-WH-TRI	31555	24w LED Ultra Slimline Oyster, Tri (3000K Warm White-4000K Cool White-5700K Daylight) White	512	512	0	✅ MATCH	C12, C19, C57, C63	
R1055-WH-TRI	29833	13w Polyamide Dimmable Downlight,Remote Driver with Flex & Plug,White,TRI CCT,IP44	1920	1920	0	✅ MATCH	C17, C65	
R3226-20-BK-DL	30092	20w LED Circular Head Street Light, Side Mount  5000K, IP66, Black *	40	40	0	✅ MATCH	C20	
R3201-CW	76877	36w LED Panel 600mm x 600mm White 4000K Cool White *	5	5	0	✅ MATCH		
R2595-BK-WW	30683	12w Cylinder spotlight to suit single circuit track, Black 3000K	108	108	0	✅ MATCH		
R9996-KIT-WH	30028	Blade Exit Light - Recessed Kit	160	160	0	✅ MATCH	C23	
R3590	31376	20W/40W Dual Wattage, 1200mm Slim LED Batten Opal Diffuser IP20 Tri Colour	240	240	0	✅ MATCH	c24	
R107M-12W-CW-60-S	82095	Module for R107 head range - CW 60 degrees - Special	95	95	0	✅ MATCH		
R1306-BK-WW-V2	17040	24w LED Dimmable Round Scoop Downlight Remote Driver, IP20 3000K - WW Black	59	59	0	✅ MATCH		
R1311-WH	30279	White Single Square Slotter Head Only to Suit R131M	71	71	0	✅ MATCH		
R3205-UGR19-25-CW-COI	31092	25w UGR19 Backlit LED Panel,600x600,4000K,FF Driver,CRI>90,R9>50,COI<3.3	95	95	0	✅ MATCH	C30	
R1141-WH-PND	31025	White Pendant Kit to suit R1141	215	215	0	✅ MATCH		
R2126-DIFFUSER-DEEP	30044	380mm Deep Acrylic Diffuser to suit R2121	360	360	0	✅ MATCH	C35, C40, D35, D60	
R3140	30152	R3109-30 30deg Adj Bracket - to suit Hi Bay	168	168	0	✅ MATCH		
R3262-SL-60	30312	Twin Post Top Bracket to suit 60mm pole, 60mm OD, Silver, Suits R3220/1, R3240/3, R3250	6	6	0	✅ MATCH		
R-SLGP6-WH	32640	6 Gang Slimline Rigid Plate	399	399	0	✅ MATCH	C37	
R-SLSW3-WH	33052	3 Gang Slimline Wall Switch, White	999	999	0	✅ MATCH		
R3900-BK-40W-WW-30-DALI	76613	2 x 20W 3K IP65 Black Up-Down Wall Light, 30deg  Beam with Dali Driver	14	14	0	✅ MATCH	C38	
R3560-TRI	31386	20W -12W 1200mm Narrow Body Batten Opal Diffuser Tri Colour	269	269	0	✅ MATCH	C44, C60, D46	
R6054-TT-TRI	30416	2x5W Titanium anodised extruded aluminium adjust twin wall light, IP65 Tri colour *	130	130	0	✅ MATCH	C45	
R1342-A-WH	16931	White adjustable medium slotter head only to suit R134M 10w module	107	107	0	✅ MATCH	C46	
R1342-WH	16719	White fixed medium slotter head only to suit R134M 10w module	103	103	0	✅ MATCH		
R1343-WH	17233	White fixed large slotter head only to suit 2 x R134M 10w module	47	47	0	✅ MATCH		
R134M-10W-CW-40	15813	Module for R1342 and R1343 head range - 10w CW 40 deg	95	95	0	✅ MATCH		
R6093-BK-WW	31577	8w LED Large Square Wall Light IP65, Black, 3000K anti corrosvie	95	95	0	✅ MATCH		
R1161-WH	17130	18w Dimmable Surface Mount Downlight Cob Style With Reflector, IP54. White, anti corrosive	192	192	0	✅ MATCH	C49, C52	
R3225-40-BK-CW	96634	40w LED Circular Head Street Light, Top Mount  4000K, IP66, Black *	2	2	0	✅ MATCH		
R1140-WH-SA	31078	White Adjustable Surface Mount Kit to suit R1140	287	287	0	✅ MATCH		
R107M-XW-60	30355	12W - 6W Module for R107 head range - XW 60 degrees	527	527	0	✅ MATCH	C53	
R3207-TRI-SM	30099	16w LED Tri Colour Surface Mount Backlit Panel Kit 600mm x 300mm White	36	36	0	✅ MATCH	C54	
R3250-300-BK-DL_R10503	29732	300w LED Hi-Performance Floodlight - IP66, R10503 distribution, *	2	2	0	✅ MATCH	C56	
R3240-050-BK-PE	36072	50W LED Street Light, 5000k, IP66, Black, with PE cell *	3	3	0	✅ MATCH		
R3250-180-BK-DL_R10503	30644	180w 5000K BLK LED Area Light with R10503 Distribution *	3	3	0	✅ MATCH		
R3115	29898	120w, 96w & 72w Selectable Hi Bay IP65 Tri Colour	5	5	0	✅ MATCH		
R3116	30364	200, 160 & 120W Selectable Hi Bay IP65 Tri Colour	4	4	0	✅ MATCH		
R3230-040	30348	40w LED Post top light IP66, 5000k, R01201 lens, Black	32	32	0	✅ MATCH	C59, D40	
R1073-BK	30591	R1073 Black Head Only	96	96	0	✅ MATCH		
R107M-15W-CW-60	18317	Module for R107 head range - 15w CW 60 degrees	191	191	0	✅ MATCH		
R107M-15W-XW-24	32150	Module for R107 head range - 15w 2700K 24 degrees	96	96	0	✅ MATCH		
R6335-500	30616	Post to suit R6334 and R6336 Bollard - Black - 500mm	470	470	0	✅ MATCH	C67, C68, C85, C100, D71, E10, E14, E16	
R6234-BK-TRIM	31550	Black Eyelid Grill Trim to Suit R6232	99	99	0	✅ MATCH	C70	
R6235-BK-TRIM	31590	Black Grill Trim to Suit R6232	99	99	0	✅ MATCH		
R6104-BK-WW	31052	2W 12v DC Black uplight, 36deg beam, IP67 3000K	250	250	0	✅ MATCH		
R6123-BK-WW	15925	1w 12v DC Wall Washer LED Step Light IP65 Black Warm White	250	250	0	✅ MATCH		
R6123-SS-WW	15825	1w 12v DC Wall Washer LED Step Light IP65 Stainless steel Warm White	200	200	0	✅ MATCH		
R-SLGP3-WH	32481	3 Gang Slimline Rigid Plate	1599	1599	0	✅ MATCH	C72	
R-SLGP4-WH	32525	4 Gang Slimline Rigid Plate	2199	2199	0	✅ MATCH		
R3570-EM-S-TRI	31201	40W -24W 1200mm Opal Diffused Batten Tri Colour - Emergency With Sensor	96	96	0	✅ MATCH	C74, D79	
R3207-UGR19-16-CW	30147	16w LED Backlit Panel 600mm x 300mm White 4000K Cool White, UGR19 Flicker Free driver	74	74	0	✅ MATCH	C75	
R2125-DIFFUSER-DEEP	30543	330mm Deep Acrylic Diffuser to suit R2120	130	130	0	✅ MATCH	C77	
R2211-WH	30529	Rapidline Linear T Connector White	40	40	0	✅ MATCH	C79	
R2211-BK	30440	Rapidline Linear T Connector Black	40	40	0	✅ MATCH		
R2213-BK	30649	Rapidline Linear X Connector Black	20	20	0	✅ MATCH		
R2212-BK	30847	Rapidline Linear L Connector Black	200	200	0	✅ MATCH		
R1073-WH	30402	R1073 White Head Only	192	192	0	✅ MATCH		
R1077-WH	30079	R1077 White Head Only	192	192	0	✅ MATCH		
R1077-BK	55242	R1077 Black Head Only	192	192	0	✅ MATCH		
R134M-10W-FRAME-BK	15998	Black frame for R134M 10w module	100	100	0	✅ MATCH		
R1354-30-WH-WW	46196	30w Dimmable COB Downlight, White, IP44, 160mm Cutout, 3000k, 60o, UGR19 w/ Flex and Plug	95	95	0	✅ MATCH	C81	
R6015-BK-RGB	30655	5W 12v Black extruded aluminium garden spot light IP65, RGB	160	160	0	✅ MATCH	C88	
R1060-WH-TRI	41161	8w Dimmable White COB Downlight, IP44 90mm Cutout, Tri Colour, 50o UGR19 w/ F&P	1728	1728	0	✅ MATCH	C90, D45	
R6233-WH-TRIM	31288	White Eyelid Trim to Suit R6232	99	99	0	✅ MATCH	C91	
R3570-EM-TRI	31095	40W -24W 1200mm Wide Body Batten Opal Diffuser Tri Colour - Emergency	96	96	0	✅ MATCH	C95, D55	
R2515-BK-WW	34316	15w Spotlight To Suit Single Circuit Track. Warm White 3000K Black *	4	4	0	✅ MATCH		
R2515-WH-WW	34572	15w Spotlight To Suit Single Circuit Track. Warm White 3000K White *	18	18	0	✅ MATCH		
R6234-WH-TRIM	31312	White Eyelid Grill Trim to Suit R6232	99	99	0	✅ MATCH	D1	
R-SLGP5-WH	32566	5 Gang Slimline Rigid Plate	399	399	0	✅ MATCH		
R-SLSW4-WH	33110	4 Gang Slimline Wall Switch, White	599	599	0	✅ MATCH		
R-SLGP2-WH	32441	2 Gang Slimline Rigid Plate	1599	1599	0	✅ MATCH	D5	
R3056	32938	Outreach arm to suit R3041-050 and R3042	48	48	0	✅ MATCH	D6	
R6052-BK-TRI	30046	5W Black extruded aluminium fixed wall light, IP65 Tri colour	130	130	0	✅ MATCH		
R999-BOX-WH	34934	Weatherproof Box and Wall Mount Bracket To Suit R9992 and R9996, IP65, IK10	92	92	0	✅ MATCH	D11, D15	
R3226-40-BK-DL	30058	40w LED Circular Head Street Light, Top Mount,  5000K, IP66, Black *	40	40	0	✅ MATCH	D17	
R6090-12V-WH-CW	32969	12V 5w LED Small Round Wall Light IP65, White, 4000K anti corrosive	107	107	0	✅ MATCH	D21	
R6090-12V-BK-CW	29786	12V 5w LED Small Round Wall Light IP65, Black, 4000K anti corrosive	72	72	0	✅ MATCH		
R1094-35-BK-SIL-WW	30228	35w Dimmable COB Downlight, 60o Beam UGR19, with F&P IP54 200mm Cut Out, Black, Silver reflector, WW *	120	120	0	✅ MATCH	D23	
R1074-BK	30470	R1074 Black Head Only	95	95	0	✅ MATCH	D26	
R1075-BK	30562	R1075 Black Head Only	144	144	0	✅ MATCH		
R1308-WW	30794	40w Dimmable Round Scoop Downlight with Remote Driver, White , Warm White 3000K	59	59	0	✅ MATCH		
R6240-WH-TRI	30880	19w Polycarbonate Bunker IP65, White	100	100	0	✅ MATCH	D32	
R-SW2-WH-V1	31283	2 Gang Wall Switch, White *	3386	3386	0	✅ MATCH	D33	
R107M-CW-60-S	30495	12W - 6W Module for R107 head range - CW 60 degrees - Special	95	95	0	✅ MATCH	D34	
R3118-REFLECTOR-AL	72452	Aluminium Reflector for R3118 High bay	49	49	0	✅ MATCH	D37	
R3117-REFLECTOR-AL	72371	Aluminium Reflector for R3117 High bay	49	49	0	✅ MATCH		
R3145	72854	30Deg Adjustable mounting bracket to suit R3117 & R3118	143	143	0	✅ MATCH		
R6053-WH-TRI	30749	2x5W White extruded aluminium up down wall light, IP65 Tri colour	470	470	0	✅ MATCH	D42	
R6392	30476	Base & Spike for R6390 Bollard	60	60	0	✅ MATCH	D47	
R6240-EM-WH-TRI	30704	22w Polycarbonate Bunker IP65 Emergency, White	99	99	0	✅ MATCH	D48	
R3206-CW-V2	31238	36w Backlit LED Panel 1200mm x 300mm X 25mm White 4000K Cool White	2	2	0	✅ MATCH		
R6236-BK	30367	12w Round polycarbonate bunker IP66, 4000k, Black *	2	2	0	✅ MATCH		
R3206-UGR19-30-3500K	89928	30w Backlit LED Panel 1200mm x 300mm White 3500K Warm White, UGR19 Flicker Free driver *	2	2	0	✅ MATCH	D50	
R3206-TRI-V2	18186	36w Backlit LED Panel 1200mm x 300mm X 25mm White (3K/4k/5K ) Tri	6	6	0	✅ MATCH		
R6230-S-BK-TRI	30319	14w Round LED Polycarbonate Bunker With Sensor - Tri Colour IP65 - Black *	5	5	0	✅ MATCH		
R1083-BK-WW	43858	33w Dimmable COB Downlight with Remote Driver, IP54, 200mm Cut out, Warm White 3000K Black *	24	24	0	✅ MATCH		
R9998-V1	30598	2W LED Exit Fitting Box Type, Ceiling Surface Mounted, w/auto test - IP65 *	1	1	0	✅ MATCH		
R-GP2-WH-V1	31563	2 Gang Rigid Plate *	1	1	0	✅ MATCH		
R-SLGPO2-WH-V1	31350	10A Slimline Double PowerPoint *	10	10	0	✅ MATCH		
R-SLSW2-WH-V1	31619	2 Gang Slimline Wall Switch, White *	11	11	0	✅ MATCH		
R-SLGPO2X-WH-V1	31374	10A Slimline Double powerpoint  with extra switch 16 *	4	4	0	✅ MATCH		
R6390-BK-TRI	30275	5w Tri, Black 12v Bollard IP65 - Extruded Aluminium	95	95	0	✅ MATCH	D52	
HV3003T-BLK-240V	90118	Bata-Black Brick Light	5	5	0	✅ MATCH		
R1201-SC-CW	42278	4.5w Mini Adjustable Downlight With Driver, 45mm Cut Out, Cool White 4000K Satin Chrome *	4	4	0	✅ MATCH		
R1071-A-WH-CW-60	30568	12w - 6w Architectural Dimmable Deep Set COB Adjustable Downlight, IP20, White, 90mm Cut Out, 4000K - CW 60o White	107	107	0	✅ MATCH	D58	
R1150-BK-CW	30781	9w LED Surface Mount Downlight - IP54 - Cool White	71	71	0	✅ MATCH		
R1166-BK-WW	47884	15w LED Surface Mount Polycarb Downlight - IP65 - Black, Warm White	90	90	0	✅ MATCH		
R3040-050	30477	50w Anti-corrosion Commercial Floodlight IP66 - 5000K - Black *	2	2	0	✅ MATCH		
RLP1002R-01-C-WH/SIL-WW	96587	9w LED Non-Dim Surface Mount Downlight , White Body/Silver Refl ,3000K , 50deg	18	18	0	✅ MATCH		
R2779-WH-WW-36	54165	10w LED Surface Mount Downlight - IP54 - Warm White, White trim *	12	12	0	✅ MATCH		
R3040-200	30520	200w Anti-corrosion Commercial Floodlight IP66 - 5000K - Black *	2	2	0	✅ MATCH		
R1301-DL	30173	35w Dimmable Rectangle Shoplighter with Remote Driver, White Trim Daylight 5000K	63	63	0	✅ MATCH		
RAPLC1512R-01C-33W-BK/BK-CW	96594	33w IP20 S/M D/Light , Black Body & Reflector , 4000K	2	2	0	✅ MATCH		
R-LD237-BLK-CW	96604	7w SMD LED Dimmable Downlight , Black , 4000K , 70mm Cut-out	30	30	0	✅ MATCH		
R6001-CW	35912	130w LED CANOPY LIGHT - IP65 - 4000K *	1	1	0	✅ MATCH		
R1083-45W-4K	55076	45w Dimmable COB Downlight with Remote Driver, IP54, 200mm Cut out, Available In White Or Black. Cool White 4000K White *	8	8	0	✅ MATCH		
R3240-050W-SIL-WW-R09603	35917	50w 3000K Silver LED Streetlight , R09603 Distribution *	1	1	0	✅ MATCH		
R3240-120-SL	30227	120W LED Street Light IP66 5k Silver *	1	1	0	✅ MATCH		
R3205-CW-FF	35747	36w 4000K , 600x600 LED Backlit Panel , FF , with Remote Driver	42	42	0	✅ MATCH	D76	
R-LD628-WH-45-CW-15	96562	45w LED COB Deep Set Downlight, White, 15deg, Cool White	4	4	0	✅ MATCH		
SIN-TELSOLITA-WB20-AB	96722	Solita 20 LED Dimmable Wall Light CCT	5	5	0	✅ MATCH		
R1044/18W	57000	18w LED downlight with opal lens, 200mm cut out	10	10	0	✅ MATCH		
R1056	30128	10w Slim Dimmable Downlight With Flex & Plug IP54 90mm Cut Out. White. Tri Colour	37	37	0	✅ MATCH		
R2372-WH-PR-2.5	64819	2.5m Recessed aluminum extrusion, 68mm x 75mm profile with diffuser and gear tray	320	320	0	✅ MATCH	F1, F6, F16	
R2397	29828	Concealed plaster aluminium extrusion with diffuser, 2m	400	400	0	✅ MATCH		
R2207-WH-WW-V1	36584	45w 2330mm Rapidline Linear Extrusion - Louvre, White, 3000k *	21	21	0	✅ MATCH		
R2381-2M	30219	Deep Surface Mount Aluminium Extrusion, Opal Diffuser, 13mm x 16mm x 2M *	8	8	0	✅ MATCH		
R2371-AL	30065	2m Aluminium Extrusion, Opal Diffuser, 102mm x 80mm *	9	9	0	✅ MATCH		
R2382-AL-2M-V1	30650	Recessed Aluminium Extrusion, Opal Diffuser, 7mm x 17mm x 2M *	18	18	0	✅ MATCH		
R2384-AL-2M-V1	30747	Shallow Surface Mount Aluminium Extrusion, Opal Diffuser, 7mm x 17mm x 2M *	4	4	0	✅ MATCH		
R2384-AL-2M	29751	Shallow Surface Mount Aluminium Extrusion, Opal Diffuser, 9mm x 17mm x 2M	2599	2599	0	✅ MATCH	F2, F3	
R2382-WH-2M	32931	White Recessed Aluminium Extrusion, Opal Diffuser, 2m Lengths 7mm x 17mm x 2M	100	100	0	✅ MATCH	F4	
R2380-AL-2M	29790	Corner Mount Aluminium Extrusion, Opal Diffuser, 16mm x 16mm x 2m	300	300	0	✅ MATCH		
R2373-BK-PR-2.5	69973	2.5m Aluminum extrusion, 55mm x 80mm profile , Black with diffuser and gear tray	59	59	0	✅ MATCH	F5	
R2379-2M	30585	2m Aluminium extrusion - 15mm x 15mm for Neoflex	800	800	0	✅ MATCH		
R2396-AL-2M	31372	Plaster Recess Aluminium Extrusion 61x 41mm With Opal Diffuser, 2M	165	165	0	✅ MATCH		
R2601-BK-2M	30217	2m Single circuit 3 wire track 20mm x 35mm, Black	80	80	0	✅ MATCH		
R2381-AL-2M	31276	Deep Surface Mount Aluminium Extrusion, Opal Diffuser, 13mm x 16mm x 2M	400	400	0	✅ MATCH	F8	
R2202-BK-CW	30187	45w 2330mm Rapidline Linear Extrusion, Black, 4000k V2	240	240	0	✅ MATCH	F9, F14	
R6370	13750	5W 24vDC Garden spike 600mm, IP65, Selectable 2200K/3000K	288	288	0	✅ MATCH	F11, F19	
R8001-3M	30488	12v Festoon LED Extension - with 6 x S14 lamp 2700K	80	80	0	✅ MATCH		
R2651-BK-3M-RM	30895	3m Three circuit 6 wire track to suit Dali, 35mm x 35mm, Black, recessed mount	36	36	0	✅ MATCH		
R2601-BK-3M	30602	3m Single circuit 3 wire track 20mm x 35mm, Black	60	60	0	✅ MATCH	E-Floor	
R2631-BK-3M	30658	3m Three circuit 4 wire track, 35mm x 35mm, Black	152	152	0	✅ MATCH		
R2651-WH-3M-SM	34047	3m Three circuit 6 wire track to suit Dali, 35mm x 35mm, White, Surface mount	24	24	0	✅ MATCH		
24V-IP20-060W-DIM	30047	60w, 24VDC LED Driver, IP20 with Flex & Plug, Dimmable	1278	1278	0	✅ MATCH	G-Floor	
R2373-WH-PR-2.5	60249	2.5m Aluminum extrusion, 55mm x 80mm profile with diffuser and gear tray	45	45	0	✅ MATCH	F20	
R3520-EM	30344	20w, 600mm Wide Body Weatherproof Batten with Opal Diffuser, Emergency, IP65 *	5	5	0	✅ MATCH		
R3570	30866	40w 1200mm Wide Body Batten Opal Diffuser *	10	10	0	✅ MATCH		
R3570-EM	30624	40w 1200mm Wide Body Batten Opal Diffuser with Emergency Kit *	7	7	0	✅ MATCH		
BRONCO-6-10W-DIM	91475	Bronco-6-10w-DIM *	1	1	0	✅ MATCH	Misc	
LD644	57691	24w LED downlight, white trim, 3000k, 60o, dimmable	27	27	0	✅ MATCH		
R1041-BK-TRI	57424	10w Dimmable Downlight With Flex & Plug IP54 90mm Cut Out. Black Tri (3000K Warm White-4000K Cool White-5700K Daylight)	8	8	0	✅ MATCH		
R1041-SC-TRI	57275	10w Dimmable Downlight With Flex & Plug IP54 90mm Cut Out. Satin Chrome Tri (3000K Warm White-4000K Cool White-5700K Daylight)	36	36	0	✅ MATCH		
R1041-WH-CW	30382	10w Dimmable Downlight With Flex & Plug IP54 90mm Cut Out. White 4000K Cool White	63	63	0	✅ MATCH		
R1041-WH-WW	57172	10w Dimmable Downlight With Flex & Plug IP54 90mm Cut Out. White 3000K Warm White	8	8	0	✅ MATCH		
R1063	55860	25w Dimmable Downlight Cob Style With Reflector, Integral Driver With Flex & Plug, IP54, 200mm Cut Out.	2	2	0	✅ MATCH		
R1083-BK-CW	42288	33w Dimmable COB Downlight with Remote Driver, IP54, 200mm Cut out, Cool White 4000K Black *	4	4	0	✅ MATCH		
R1093-25-BK-SIL-WW	30766	25w Dimmable COB Downlight, 60o Beam UGR19, with F&P IP54 150mm Cut Out. Silver reflector *	26	26	0	✅ MATCH		
R1094-35-WH-SIL-WW	30479	35w Dimmable COB Downlight, 60o Beam UGR19, with F&P IP54 200mm Cut Out, White, Silver reflector, WW *	5	5	0	✅ MATCH		
R1109-WH-WW	55080	9w LED Surface Mount Downlight, Flicker Free Dimmable Driver, 3000k, 55deg	1	1	0	✅ MATCH		
R2115-EM	97774	Emergency 30w LED Opal Acrylic Oyster, Tri Colour, 385mm *	1	1	0	✅ MATCH		
R2599-WH-CW-24	54277	33w LED Spot light, 24deg, White, 4000k *	3	3	0	✅ MATCH		
R3221-WH-7M CABLE	96627	Royal Pines Special 50w Steet Light White 4k *	2	2	0	✅ MATCH		
R4103-WH-WW	96619	8w Dimmable Downlight  IP54, 70mm cut out, White, 3000K *	8	8	0	✅ MATCH		
R-NMBL-BLK	96686	5w LED Bed Lamp, Black, 3000k, Round Base, No Switch	1	1	0	✅ MATCH		
R2385-WH-3M	29706	White aluminium Extrusion With Opal Diffuser, 35mm x 35mm -3m *	25	25	0	✅ MATCH		
R2386-WH-3M	31308	Recess Aluminium Extrusion With Opal Diffuser, 35mm x 35m, white -3m	12	12	0	✅ MATCH		
R2385-BK-3M	29695	Black aluminium Extrusion With Opal Diffuser, 35mm x 35mm -3m	45	45	0	✅ MATCH	FLOOR	
R2385-AL-3M	31301	Aluminium Extrusion With Opal Diffuser, 35mm x 35mm -3m	60	60	0	✅ MATCH		
R3213	30676	Recess Mount Frame Suit 1200mm x 300mm Panel White	60	60	0	✅ MATCH	G-Floor	
R1023	30437	16w Dimmable Downlight Integral Driver With Flex & Plug IP54 160mm Cut Out	209	209	0	✅ MATCH	G-Floor	
R3206-TRI	59008	30w Backlit LED Panel 1200mm x 300mm X 25mm White (3K/4k/5K ) Tri	810	810	0	✅ MATCH	G-Floor, G-Floor, G-Floor, G-Floor, C-Floor, C-Floor, C-Floor, C-Floor, C-Floor	
R6007-BK-WW	31398	6W 12v AC/DC Garden spot light, IP65 3000K, anti corrosive	499	499	0	✅ MATCH	G-Floor	
R3212	30515	Recess Mount Frame Suit 600mm x 600mm Panel White	90	90	0	✅ MATCH	C-Floor, C-Floor, C-Floor	
R6334-25W-CW	30509	25W  Black Bollard Head Only - 4000k, Anti-corrosive	19	19	0	✅ MATCH	G-FLOOR	
24V-IP20-030W-DIM	30337	30w, 24VDC LED Driver, IP20 with Flex & Plug, Dimmable	1716	1716	0	✅ MATCH	G-Floor	
HUB-CONNECTOR-5M	16959	5m connector to suit Hub driver	300	300	0	✅ MATCH		
HUB-MASTER-TOUCH	16988	Master for touch sensor to suit Hub driver	50	50	0	✅ MATCH		
HUB-MASTER-WAVE	17063	Master for wave sensor to suit Hub driver	50	50	0	✅ MATCH		
R3116-200-CW-DALI	34975	200W Hi Bay IP65 4000K, DALI Driver *	13	13	0	✅ MATCH		
24V-IP20-020W-DIM	30324	R2929 20w, 24VDC Dimmable LED Driver, IP20	910	910	0	✅ MATCH		